<?xml version="1.0" encoding="ISO-8859-1"?><pnml>
    <net id="Net-One" type="P/T net">
        <token id="Default" enabled="true" red="0" green="0" blue="0"/>
        <place id="P0">
            <graphics>
                <position x="195.0" y="60.0"/>
            </graphics>
            <name>
                <value>P0</value>
                <graphics>
                    <offset x="0.0" y="0.0"/>
                </graphics>
            </name>
            <initialMarking>
                <value>Default,0</value>
                <graphics>
                    <offset x="0.0" y="0.0"/>
                </graphics>
            </initialMarking>
            <capacity>
                <value>0</value>
            </capacity>
        </place>
        <place id="P1">
            <graphics>
                <position x="285.0" y="165.0"/>
            </graphics>
            <name>
                <value>P1</value>
                <graphics>
                    <offset x="0.0" y="0.0"/>
                </graphics>
            </name>
            <initialMarking>
                <value>Default,1</value>
                <graphics>
                    <offset x="0.0" y="0.0"/>
                </graphics>
            </initialMarking>
            <capacity>
                <value>0</value>
            </capacity>
        </place>
        <place id="P2">
            <graphics>
                <position x="150.0" y="255.0"/>
            </graphics>
            <name>
                <value>P2</value>
                <graphics>
                    <offset x="0.0" y="0.0"/>
                </graphics>
            </name>
            <initialMarking>
                <value>Default,0</value>
                <graphics>
                    <offset x="0.0" y="0.0"/>
                </graphics>
            </initialMarking>
            <capacity>
                <value>0</value>
            </capacity>
        </place>
        <place id="P3">
            <graphics>
                <position x="420.0" y="135.0"/>
            </graphics>
            <name>
                <value>P3</value>
                <graphics>
                    <offset x="0.0" y="0.0"/>
                </graphics>
            </name>
            <initialMarking>
                <value>Default,0</value>
                <graphics>
                    <offset x="0.0" y="0.0"/>
                </graphics>
            </initialMarking>
            <capacity>
                <value>0</value>
            </capacity>
        </place>
        <transition id="T0">
            <graphics>
                <position x="285.0" y="90.0"/>
            </graphics>
            <name>
                <value>T0</value>
                <graphics>
                    <offset x="-5.0" y="35.0"/>
                </graphics>
            </name>
            <orientation>
                <value>0</value>
            </orientation>
            <rate>
                <value>1.0</value>
            </rate>
            <timed>
                <value>false</value>
            </timed>
            <infiniteServer>
                <value>false</value>
            </infiniteServer>
            <priority>
                <value>1</value>
            </priority>
        </transition>
        <transition id="T1">
            <graphics>
                <position x="285.0" y="255.0"/>
            </graphics>
            <name>
                <value>T1</value>
                <graphics>
                    <offset x="-5.0" y="35.0"/>
                </graphics>
            </name>
            <orientation>
                <value>0</value>
            </orientation>
            <rate>
                <value>1.0</value>
            </rate>
            <timed>
                <value>false</value>
            </timed>
            <infiniteServer>
                <value>false</value>
            </infiniteServer>
            <priority>
                <value>1</value>
            </priority>
        </transition>
        <transition id="T2">
            <graphics>
                <position x="105.0" y="135.0"/>
            </graphics>
            <name>
                <value>T2</value>
                <graphics>
                    <offset x="-5.0" y="35.0"/>
                </graphics>
            </name>
            <orientation>
                <value>0</value>
            </orientation>
            <rate>
                <value>1.0</value>
            </rate>
            <timed>
                <value>false</value>
            </timed>
            <infiniteServer>
                <value>false</value>
            </infiniteServer>
            <priority>
                <value>1</value>
            </priority>
        </transition>
        <arc id="P0 to T0" source="P0" target="T0">
            <graphics/>
            <inscription>
                <value>Default,1</value>
                <graphics/>
            </inscription>
            <tagged>
                <value>false</value>
            </tagged>
            <arcpath id="000" x="221" y="77" curvePoint="false"/>
            <arcpath id="001" x="291" y="102" curvePoint="false"/>
            <type value="normal"/>
        </arc>
        <arc id="P1 to T1" source="P1" target="T1">
            <graphics/>
            <inscription>
                <value>Default,1</value>
                <graphics/>
            </inscription>
            <tagged>
                <value>false</value>
            </tagged>
            <arcpath id="000" x="297" y="191" curvePoint="false"/>
            <arcpath id="001" x="297" y="252" curvePoint="false"/>
            <type value="normal"/>
        </arc>
        <arc id="P2 to T2" source="P2" target="T2">
            <graphics/>
            <inscription>
                <value>Default,1</value>
                <graphics/>
            </inscription>
            <tagged>
                <value>false</value>
            </tagged>
            <arcpath id="000" x="156" y="253" curvePoint="false"/>
            <arcpath id="001" x="117" y="162" curvePoint="false"/>
            <type value="normal"/>
        </arc>
        <arc id="P3 to T0" source="P3" target="T0">
            <graphics/>
            <inscription>
                <value>Default,1</value>
                <graphics/>
            </inscription>
            <tagged>
                <value>false</value>
            </tagged>
            <arcpath id="000" x="417" y="142" curvePoint="false"/>
            <arcpath id="001" x="301" y="102" curvePoint="false"/>
            <type value="normal"/>
        </arc>
        <arc id="T0 to P1" source="T0" target="P1">
            <graphics/>
            <inscription>
                <value>Default,1</value>
                <graphics/>
            </inscription>
            <tagged>
                <value>false</value>
            </tagged>
            <arcpath id="000" x="297" y="117" curvePoint="false"/>
            <arcpath id="001" x="297" y="162" curvePoint="false"/>
            <type value="normal"/>
        </arc>
        <arc id="T0 to P3" source="T0" target="P3">
            <graphics/>
            <inscription>
                <value>Default,1</value>
                <graphics/>
            </inscription>
            <tagged>
                <value>false</value>
            </tagged>
            <arcpath id="000" x="302" y="97" curvePoint="false"/>
            <arcpath id="001" x="417" y="141" curvePoint="false"/>
            <type value="normal"/>
        </arc>
        <arc id="T1 to P2" source="T1" target="P2">
            <graphics/>
            <inscription>
                <value>Default,1</value>
                <graphics/>
            </inscription>
            <tagged>
                <value>false</value>
            </tagged>
            <arcpath id="000" x="291" y="267" curvePoint="false"/>
            <arcpath id="001" x="176" y="267" curvePoint="false"/>
            <type value="normal"/>
        </arc>
        <arc id="T1 to P3" source="T1" target="P3">
            <graphics/>
            <inscription>
                <value>Default,1</value>
                <graphics/>
            </inscription>
            <tagged>
                <value>false</value>
            </tagged>
            <arcpath id="000" x="301" y="267" curvePoint="false"/>
            <arcpath id="001" x="420" y="157" curvePoint="false"/>
            <type value="normal"/>
        </arc>
        <arc id="T2 to P0" source="T2" target="P0">
            <graphics/>
            <inscription>
                <value>Default,1</value>
                <graphics/>
            </inscription>
            <tagged>
                <value>false</value>
            </tagged>
            <arcpath id="000" x="121" y="147" curvePoint="false"/>
            <arcpath id="001" x="195" y="81" curvePoint="false"/>
            <type value="normal"/>
        </arc>
    </net>
</pnml>
