<?xml version="1.0" encoding="ISO-8859-1"?><pnml>
    <net id="Net-One" type="P/T net">
        <token id="Default" enabled="true" red="0" green="0" blue="0"/>
        <place id="P0">
            <graphics>
                <position x="150.0" y="90.0"/>
            </graphics>
            <name>
                <value>P0</value>
                <graphics>
                    <offset x="0.0" y="0.0"/>
                </graphics>
            </name>
            <initialMarking>
                <value>Default,1</value>
                <graphics>
                    <offset x="0.0" y="0.0"/>
                </graphics>
            </initialMarking>
            <capacity>
                <value>0</value>
            </capacity>
        </place>
        <place id="P1">
            <graphics>
                <position x="150.0" y="210.0"/>
            </graphics>
            <name>
                <value>P1</value>
                <graphics>
                    <offset x="0.0" y="0.0"/>
                </graphics>
            </name>
            <initialMarking>
                <value>Default,0</value>
                <graphics>
                    <offset x="0.0" y="0.0"/>
                </graphics>
            </initialMarking>
            <capacity>
                <value>0</value>
            </capacity>
        </place>
        <place id="P2">
            <graphics>
                <position x="150.0" y="330.0"/>
            </graphics>
            <name>
                <value>P2</value>
                <graphics>
                    <offset x="0.0" y="0.0"/>
                </graphics>
            </name>
            <initialMarking>
                <value>Default,0</value>
                <graphics>
                    <offset x="0.0" y="0.0"/>
                </graphics>
            </initialMarking>
            <capacity>
                <value>0</value>
            </capacity>
        </place>
        <place id="P3">
            <graphics>
                <position x="420.0" y="90.0"/>
            </graphics>
            <name>
                <value>P3</value>
                <graphics>
                    <offset x="0.0" y="0.0"/>
                </graphics>
            </name>
            <initialMarking>
                <value>Default,1</value>
                <graphics>
                    <offset x="0.0" y="0.0"/>
                </graphics>
            </initialMarking>
            <capacity>
                <value>0</value>
            </capacity>
        </place>
        <place id="P4">
            <graphics>
                <position x="420.0" y="210.0"/>
            </graphics>
            <name>
                <value>P4</value>
                <graphics>
                    <offset x="0.0" y="0.0"/>
                </graphics>
            </name>
            <initialMarking>
                <value>Default,0</value>
                <graphics>
                    <offset x="0.0" y="0.0"/>
                </graphics>
            </initialMarking>
            <capacity>
                <value>0</value>
            </capacity>
        </place>
        <place id="P5">
            <graphics>
                <position x="420.0" y="330.0"/>
            </graphics>
            <name>
                <value>P5</value>
                <graphics>
                    <offset x="0.0" y="0.0"/>
                </graphics>
            </name>
            <initialMarking>
                <value>Default,0</value>
                <graphics>
                    <offset x="0.0" y="0.0"/>
                </graphics>
            </initialMarking>
            <capacity>
                <value>0</value>
            </capacity>
        </place>
        <place id="P6">
            <graphics>
                <position x="285.0" y="180.0"/>
            </graphics>
            <name>
                <value>P6</value>
                <graphics>
                    <offset x="0.0" y="0.0"/>
                </graphics>
            </name>
            <initialMarking>
                <value>Default,0</value>
                <graphics>
                    <offset x="0.0" y="0.0"/>
                </graphics>
            </initialMarking>
            <capacity>
                <value>0</value>
            </capacity>
        </place>
        <place id="P7">
            <graphics>
                <position x="285.0" y="270.0"/>
            </graphics>
            <name>
                <value>P7</value>
                <graphics>
                    <offset x="0.0" y="0.0"/>
                </graphics>
            </name>
            <initialMarking>
                <value>Default,3</value>
                <graphics>
                    <offset x="0.0" y="0.0"/>
                </graphics>
            </initialMarking>
            <capacity>
                <value>0</value>
            </capacity>
        </place>
        <transition id="T0">
            <graphics>
                <position x="150.0" y="150.0"/>
            </graphics>
            <name>
                <value>T0</value>
                <graphics>
                    <offset x="0.0" y="0.0"/>
                </graphics>
            </name>
            <orientation>
                <value>90</value>
            </orientation>
            <rate>
                <value>1.0</value>
            </rate>
            <timed>
                <value>false</value>
            </timed>
            <infiniteServer>
                <value>false</value>
            </infiniteServer>
            <priority>
                <value>1</value>
            </priority>
        </transition>
        <transition id="T1">
            <graphics>
                <position x="420.0" y="150.0"/>
            </graphics>
            <name>
                <value>T1</value>
                <graphics>
                    <offset x="0.0" y="0.0"/>
                </graphics>
            </name>
            <orientation>
                <value>90</value>
            </orientation>
            <rate>
                <value>1.0</value>
            </rate>
            <timed>
                <value>false</value>
            </timed>
            <infiniteServer>
                <value>false</value>
            </infiniteServer>
            <priority>
                <value>1</value>
            </priority>
        </transition>
        <transition id="T2">
            <graphics>
                <position x="420.0" y="285.0"/>
            </graphics>
            <name>
                <value>T2</value>
                <graphics>
                    <offset x="0.0" y="0.0"/>
                </graphics>
            </name>
            <orientation>
                <value>90</value>
            </orientation>
            <rate>
                <value>1.0</value>
            </rate>
            <timed>
                <value>false</value>
            </timed>
            <infiniteServer>
                <value>false</value>
            </infiniteServer>
            <priority>
                <value>1</value>
            </priority>
        </transition>
        <transition id="T3">
            <graphics>
                <position x="150.0" y="285.0"/>
            </graphics>
            <name>
                <value>T3</value>
                <graphics>
                    <offset x="0.0" y="0.0"/>
                </graphics>
            </name>
            <orientation>
                <value>90</value>
            </orientation>
            <rate>
                <value>1.0</value>
            </rate>
            <timed>
                <value>false</value>
            </timed>
            <infiniteServer>
                <value>false</value>
            </infiniteServer>
            <priority>
                <value>1</value>
            </priority>
        </transition>
        <transition id="T4">
            <graphics>
                <position x="60.0" y="210.0"/>
            </graphics>
            <name>
                <value>T4</value>
                <graphics>
                    <offset x="0.0" y="0.0"/>
                </graphics>
            </name>
            <orientation>
                <value>90</value>
            </orientation>
            <rate>
                <value>1.0</value>
            </rate>
            <timed>
                <value>true</value>
            </timed>
            <infiniteServer>
                <value>false</value>
            </infiniteServer>
            <priority>
                <value>1</value>
            </priority>
        </transition>
        <transition id="T5">
            <graphics>
                <position x="525.0" y="210.0"/>
            </graphics>
            <name>
                <value>T5</value>
                <graphics>
                    <offset x="0.0" y="0.0"/>
                </graphics>
            </name>
            <orientation>
                <value>90</value>
            </orientation>
            <rate>
                <value>1.0</value>
            </rate>
            <timed>
                <value>true</value>
            </timed>
            <infiniteServer>
                <value>false</value>
            </infiniteServer>
            <priority>
                <value>1</value>
            </priority>
        </transition>
        <arc id="P0 to T0" source="P0" target="T0">
            <graphics/>
            <inscription>
                <value>Default,1</value>
                <graphics/>
            </inscription>
            <tagged>
                <value>false</value>
            </tagged>
            <arcpath id="000" x="161" y="116" curvePoint="false"/>
            <arcpath id="001" x="161" y="156" curvePoint="false"/>
            <type value="normal"/>
        </arc>
        <arc id="P1 to T3" source="P1" target="T3">
            <graphics/>
            <inscription>
                <value>Default,1</value>
                <graphics/>
            </inscription>
            <tagged>
                <value>false</value>
            </tagged>
            <arcpath id="000" x="161" y="236" curvePoint="false"/>
            <arcpath id="001" x="161" y="291" curvePoint="false"/>
            <type value="normal"/>
        </arc>
        <arc id="P2 to T4" source="P2" target="T4">
            <graphics/>
            <inscription>
                <value>Default,1</value>
                <graphics/>
            </inscription>
            <tagged>
                <value>false</value>
            </tagged>
            <arcpath id="000" x="152" y="330" curvePoint="false"/>
            <arcpath id="001" x="71" y="226" curvePoint="false"/>
            <type value="normal"/>
        </arc>
        <arc id="P3 to T1" source="P3" target="T1">
            <graphics/>
            <inscription>
                <value>Default,1</value>
                <graphics/>
            </inscription>
            <tagged>
                <value>false</value>
            </tagged>
            <arcpath id="000" x="431" y="116" curvePoint="false"/>
            <arcpath id="001" x="431" y="156" curvePoint="false"/>
            <type value="normal"/>
        </arc>
        <arc id="P4 to T2" source="P4" target="T2">
            <graphics/>
            <inscription>
                <value>Default,1</value>
                <graphics/>
            </inscription>
            <tagged>
                <value>false</value>
            </tagged>
            <arcpath id="000" x="431" y="236" curvePoint="false"/>
            <arcpath id="001" x="431" y="291" curvePoint="false"/>
            <type value="normal"/>
        </arc>
        <arc id="P5 to T5" source="P5" target="T5">
            <graphics/>
            <inscription>
                <value>Default,1</value>
                <graphics/>
            </inscription>
            <tagged>
                <value>false</value>
            </tagged>
            <arcpath id="000" x="442" y="330" curvePoint="false"/>
            <arcpath id="001" x="536" y="226" curvePoint="false"/>
            <type value="normal"/>
        </arc>
        <arc id="P6 to T1" source="P6" target="T1">
            <graphics/>
            <inscription>
                <value>Default,1</value>
                <graphics/>
            </inscription>
            <tagged>
                <value>false</value>
            </tagged>
            <arcpath id="000" x="311" y="188" curvePoint="false"/>
            <arcpath id="001" x="416" y="162" curvePoint="false"/>
            <type value="normal"/>
        </arc>
        <arc id="P7 to T0" source="P7" target="T0">
            <graphics/>
            <inscription>
                <value>Default,1</value>
                <graphics/>
            </inscription>
            <tagged>
                <value>false</value>
            </tagged>
            <arcpath id="000" x="285" y="272" curvePoint="false"/>
            <arcpath id="001" x="166" y="167" curvePoint="false"/>
            <type value="normal"/>
        </arc>
        <arc id="T0 to P1" source="T0" target="P1">
            <graphics/>
            <inscription>
                <value>Default,1</value>
                <graphics/>
            </inscription>
            <tagged>
                <value>false</value>
            </tagged>
            <arcpath id="000" x="156" y="166" curvePoint="false"/>
            <arcpath id="001" x="160" y="207" curvePoint="false"/>
            <type value="normal"/>
        </arc>
        <arc id="T0 to P6" source="T0" target="P6">
            <graphics/>
            <inscription>
                <value>Default,1</value>
                <graphics/>
            </inscription>
            <tagged>
                <value>false</value>
            </tagged>
            <arcpath id="000" x="176" y="162" curvePoint="false"/>
            <arcpath id="001" x="282" y="188" curvePoint="false"/>
            <type value="normal"/>
        </arc>
        <arc id="T1 to P4" source="T1" target="P4">
            <graphics/>
            <inscription>
                <value>Default,1</value>
                <graphics/>
            </inscription>
            <tagged>
                <value>false</value>
            </tagged>
            <arcpath id="000" x="436" y="167" curvePoint="false"/>
            <arcpath id="001" x="431" y="207" curvePoint="false"/>
            <type value="normal"/>
        </arc>
        <arc id="T1 to P7" source="T1" target="P7">
            <graphics/>
            <inscription>
                <value>Default,1</value>
                <graphics/>
            </inscription>
            <tagged>
                <value>false</value>
            </tagged>
            <arcpath id="000" x="426" y="166" curvePoint="false"/>
            <arcpath id="001" x="308" y="272" curvePoint="false"/>
            <type value="normal"/>
        </arc>
        <arc id="T2 to P5" source="T2" target="P5">
            <graphics/>
            <inscription>
                <value>Default,1</value>
                <graphics/>
            </inscription>
            <tagged>
                <value>false</value>
            </tagged>
            <arcpath id="000" x="431" y="301" curvePoint="false"/>
            <arcpath id="001" x="431" y="327" curvePoint="false"/>
            <type value="normal"/>
        </arc>
        <arc id="T3 to P2" source="T3" target="P2">
            <graphics/>
            <inscription>
                <value>Default,1</value>
                <graphics/>
            </inscription>
            <tagged>
                <value>false</value>
            </tagged>
            <arcpath id="000" x="161" y="301" curvePoint="false"/>
            <arcpath id="001" x="161" y="327" curvePoint="false"/>
            <type value="normal"/>
        </arc>
        <arc id="T4 to P0" source="T4" target="P0">
            <graphics/>
            <inscription>
                <value>Default,1</value>
                <graphics/>
            </inscription>
            <tagged>
                <value>false</value>
            </tagged>
            <arcpath id="000" x="71" y="216" curvePoint="false"/>
            <arcpath id="001" x="152" y="113" curvePoint="false"/>
            <type value="normal"/>
        </arc>
        <arc id="T5 to P3" source="T5" target="P3">
            <graphics/>
            <inscription>
                <value>Default,1</value>
                <graphics/>
            </inscription>
            <tagged>
                <value>false</value>
            </tagged>
            <arcpath id="000" x="536" y="216" curvePoint="false"/>
            <arcpath id="001" x="442" y="113" curvePoint="false"/>
            <type value="normal"/>
        </arc>
    </net>
</pnml>
